{"MSE": 2.4552867972327923, "_timestamp": 1687165371.6384854, "_runtime": 9.726707458496094, "_step": 0, "_wandb": {"runtime": 9}}