{"MSE": 2.453331101432972, "_timestamp": 1687165459.7521133, "_runtime": 25.883784294128418, "_step": 0, "_wandb": {"runtime": 25}}