{"MSE": 2.453983836538874, "_timestamp": 1687165340.0293047, "_runtime": 10.740671634674072, "_step": 0, "_wandb": {"runtime": 10}}