{"MSE": 2.4531359513257023, "_timestamp": 1687165420.3352435, "_runtime": 13.34130334854126, "_step": 0, "_wandb": {"runtime": 12}}