{"MSE": 2.465653375515356, "_timestamp": 1687165392.5459564, "_runtime": 6.023134469985962, "_step": 0, "_wandb": {"runtime": 5}}